SET SQL_MODE = "NO_AUTO_VALUE_ON_ZERO";
SET time_zone = "+00:00";

CREATE DATABASE IF NOT EXISTS `ksiegarnia` DEFAULT CHARACTER SET latin1 COLLATE latin1_swedish_ci;
USE `ksiegarnia`;

CREATE TABLE IF NOT EXISTS `klienci` (
  `idklienta` int(11) NOT NULL AUTO_INCREMENT,
  `imie` text COLLATE utf8_polish_ci NOT NULL,
  `nazwisko` text COLLATE utf8_polish_ci NOT NULL,
  `miejscowosc` text COLLATE utf8_polish_ci NOT NULL,
  PRIMARY KEY (`idklienta`),
  KEY `id` (`idklienta`)
) ENGINE=MyISAM  DEFAULT CHARSET=utf8 COLLATE=utf8_polish_ci AUTO_INCREMENT=11 ;

INSERT INTO `klienci` (`idklienta`, `imie`, `nazwisko`, `miejscowosc`) VALUES
(1, 'Łukasz', 'Lewandowski', 'Poznań'),
(2, 'Jan', 'Nowak', 'Katowice'),
(3, 'Maciej', 'Wójcik', 'Bydgoszcz'),
(4, 'Agnieszka', 'Jankowska', 'Lublin'),
(5, 'Tomasz', 'Mazur', 'Jelenia Góra'),
(6, 'Michał', 'Zieliński', 'Kraków'),
(7, 'Artur', 'Rutkowski', 'Kielce'),
(8, 'Mateusz', 'Skorupa', 'Gdańsk'),
(9, 'Jerzy', 'Rutkowski', 'Rybnik'),
(10, 'Anna', 'Karenina', 'Pułtusk');

CREATE TABLE IF NOT EXISTS `ksiazki` (
  `idksiazki` int(11) NOT NULL AUTO_INCREMENT,
  `imieautora` text COLLATE utf8_polish_ci NOT NULL,
  `nazwiskoautora` text COLLATE utf8_polish_ci NOT NULL,
  `tytul` text COLLATE utf8_polish_ci NOT NULL,
  `cena` float NOT NULL,
  PRIMARY KEY (`idksiazki`)
) ENGINE=MyISAM  DEFAULT CHARSET=utf8 COLLATE=utf8_polish_ci AUTO_INCREMENT=6 ;

INSERT INTO `ksiazki` (`idksiazki`, `imieautora`, `nazwiskoautora`, `tytul`, `cena`) VALUES
(1, 'Jan', 'Michalak', 'Zaawansowane programowanie w PHP', 47.29),
(2, 'Andrzej', 'Krawczyk', 'Windows 8 PL. Zaawansowana administracja systemem', 49.99),
(3, 'Paweł', 'Jakubowski', 'HTML5. Tworzenie witryn', 53.65),
(4, 'Tomasz', 'Kowalski', 'Urządzenia techniki komputerowej', 34.15),
(5, 'Łukasz', 'Pasternak', 'PHP. Tworzenie nowoczesnych stron WWW', 29.99);

CREATE TABLE IF NOT EXISTS `zamowienia` (
  `idzamowienia` int(11) NOT NULL AUTO_INCREMENT,
  `idklienta` int(11) NOT NULL,
  `idksiazki` int(11) NOT NULL,
  `data` date NOT NULL,
  `status` text COLLATE utf8_polish_ci NOT NULL,
  PRIMARY KEY (`idzamowienia`)
) ENGINE=MyISAM  DEFAULT CHARSET=utf8 COLLATE=utf8_polish_ci AUTO_INCREMENT=11 ;

INSERT INTO `zamowienia` (`idzamowienia`, `idklienta`, `idksiazki`, `data`, `status`) VALUES
(1, 2, 4, '2014-10-08', 'oczekiwanie'),
(2, 7, 1, '2014-09-05', 'wyslano'),
(3, 9, 1, '2014-10-11', 'wyslano'),
(4, 2, 2, '2014-10-15', 'oczekiwanie'),
(5, 2, 5, '2014-08-12', 'oczekiwanie'),
(6, 3, 2, '2014-10-20', 'wyslano'),
(7, 4, 3, '2014-08-14', 'wyslano'),
(8, 8, 1, '2014-08-19', 'wyslano'),
(9, 3, 5, '2014-11-19', 'wyslano'),
(10, 9, 2, '2014-12-28', 'oczekiwanie');